{
  "assetsByChunkName": {
    "vendors~app-account~app-confirmation~app-order": "chunk.d12654da41d278b96b83.js",
    "vendors~app-account~app-checkout": "chunk.98a5c30459cec1a4af10.js",
    "vendors~app-cart~app-checkout": "chunk.7356e5b6aa2c4c5dc55f.js",
    "admin": [
      "admin.b10bc1dbe1955ebe0961.js",
      "admin.b10bc1dbe1955ebe0961.js.map"
    ],
    "app-account": "chunk.ba946831ab273271c181.js",
    "app-checkout": "chunk.d90deccaf9629e08b9ef.js",
    "app-confirmation": "chunk.a0809e1060348577ef5f.js",
    "checkout": [
      "checkout.14ce2abc0d25a2cb43a7.js",
      "checkout.14ce2abc0d25a2cb43a7.js.map"
    ],
    "storefront": [
      "storefront.aadab25af81ab1cd980a.css",
      "storefront.34605e0d051de6d928d3.js",
      "storefront.aadab25af81ab1cd980a.css.map",
      "storefront.34605e0d051de6d928d3.js.map"
    ],
    "vendors~app-cart": "chunk.05f41af9256f779a5bb5.js",
    "vendors~app-order": "chunk.878c16cbc8eb295039b0.js"
  }
}